AU Melbourne,aus-melbourne.privateinternetaccess.com
AU Sydney,aus.privateinternetaccess.com
Brazil,brazil.privateinternetaccess.com
CA Montreal,ca.privateinternetaccess.com
CA Toronto,ca-toronto.privateinternetaccess.com
Denmark,denmark.privateinternetaccess.com
Finland,fi.privateinternetaccess.com
France,france.privateinternetaccess.com
Germany,germany.privateinternetaccess.com
Hong Kong,hk.privateinternetaccess.com
India,in.privateinternetaccess.com
Ireland,ireland.privateinternetaccess.com
Israel,israel.privateinternetaccess.com
Italy,italy.privateinternetaccess.com
Japan,japan.privateinternetaccess.com
Mexico,mexico.privateinternetaccess.com
Netherlands,nl.privateinternetaccess.com
New Zealand,nz.privateinternetaccess.com
Norway,no.privateinternetaccess.com
Romania,ro.privateinternetaccess.com
Singapore,sg.privateinternetaccess.com
South Korea,kr.privateinternetaccess.com
Sweden,sweden.privateinternetaccess.com
Switzerland,swiss.privateinternetaccess.com
Turkey,turkey.privateinternetaccess.com
UK London,uk-london.privateinternetaccess.com
UK Southampton,uk-southampton.privateinternetaccess.com
US California,us-california.privateinternetaccess.com
US Chicago,us-chicago.privateinternetaccess.com
US East,us-east.privateinternetaccess.com
US Florida,us-florida.privateinternetaccess.com
US Midwest,us-midwest.privateinternetaccess.com
US New York City,us-newyorkcity.privateinternetaccess.com
US Seattle,us-seattle.privateinternetaccess.com
US Silicon Valley,us-siliconvalley.privateinternetaccess.com
US Texas,us-texas.privateinternetaccess.com
US West,us-west.privateinternetaccess.com
